DATAFLOW,REF_AREA:Geographic area,INDICATOR:Indicator,SEX:Sex,AGE:Age,RESIDENCE:Residence,WEALTH_QUINTILE:Wealth Quintile,TIME_PERIOD:Time period,OBS_VALUE:Observation value,COVERAGE_TIME:The period of time for which data are provided,UNIT_MEASURE:Unit of measure,OBS_FOOTNOTE:Observation footnote,FREQ:Frequency,DATA_SOURCE:Data Source,UNIT_MULTIPLIER:Unit multiplier,OBS_STATUS:Observation Status
ECARO:TRANSMONEE(1.0): ECARO for TransMonEE,AUT: Austria,"PP_CHLD_VICTIM_CB: Percentage of 11-, 13- and 15-year-old school children who report having been a victim of cyber-bullying",_T: Total,_T: Total,_T: Total,_T: Total,2018,8.817046165466309,2017-18,PCNT: %,,1: One year,OECD Secretariat calculations based on the Health Behaviour in School-aged Children (HBSC) World Health Organization Collaborative Cross-National Survey,0: Units,
ECARO:TRANSMONEE(1.0): ECARO for TransMonEE,AUT: Austria,"PP_CHLD_VICTIM_CB: Percentage of 11-, 13- and 15-year-old school children who report having been a victim of cyber-bullying",M: Male,_T: Total,_T: Total,_T: Total,2018,6.274900436401367,2017-18,PCNT: %,,1: One year,OECD Secretariat calculations based on the Health Behaviour in School-aged Children (HBSC) World Health Organization Collaborative Cross-National Survey,0: Units,
ECARO:TRANSMONEE(1.0): ECARO for TransMonEE,AUT: Austria,"PP_CHLD_VICTIM_CB: Percentage of 11-, 13- and 15-year-old school children who report having been a victim of cyber-bullying",F: Female,_T: Total,_T: Total,_T: Total,2018,11.27710819244385,2017-18,PCNT: %,,1: One year,OECD Secretariat calculations based on the Health Behaviour in School-aged Children (HBSC) World Health Organization Collaborative Cross-National Survey,0: Units,
ECARO:TRANSMONEE(1.0): ECARO for TransMonEE,AUT: Austria,"PP_CHLD_VICTIM_CB: Percentage of 11-, 13- and 15-year-old school children who report having been a victim of cyber-bullying",_T: Total,_T: Total,_T: Total,Q1: Lowest,2018,11.69871807098389,2017-18,PCNT: %,,1: One year,OECD Secretariat calculations based on the Health Behaviour in School-aged Children (HBSC) World Health Organization Collaborative Cross-National Survey,0: Units,
ECARO:TRANSMONEE(1.0): ECARO for TransMonEE,AUT: Austria,"PP_CHLD_VICTIM_CB: Percentage of 11-, 13- and 15-year-old school children who report having been a victim of cyber-bullying",_T: Total,_T: Total,_T: Total,Q3: Middle,2018,7.389863014221191,2017-18,PCNT: %,,1: One year,OECD Secretariat calculations based on the Health Behaviour in School-aged Children (HBSC) World Health Organization Collaborative Cross-National Survey,0: Units,
ECARO:TRANSMONEE(1.0): ECARO for TransMonEE,AUT: Austria,"PP_CHLD_VICTIM_CB: Percentage of 11-, 13- and 15-year-old school children who report having been a victim of cyber-bullying",_T: Total,_T: Total,_T: Total,Q5: Highest,2018,9.033613204956055,2017-18,PCNT: %,,1: One year,OECD Secretariat calculations based on the Health Behaviour in School-aged Children (HBSC) World Health Organization Collaborative Cross-National Survey,0: Units,
ECARO:TRANSMONEE(1.0): ECARO for TransMonEE,BGR: Bulgaria,"PP_CHLD_VICTIM_CB: Percentage of 11-, 13- and 15-year-old school children who report having been a victim of cyber-bullying",_T: Total,_T: Total,_T: Total,_T: Total,2018,17.48021125793457,2017-18,PCNT: %,,1: One year,OECD Secretariat calculations based on the Health Behaviour in School-aged Children (HBSC) World Health Organization Collaborative Cross-National Survey,0: Units,
ECARO:TRANSMONEE(1.0): ECARO for TransMonEE,BGR: Bulgaria,"PP_CHLD_VICTIM_CB: Percentage of 11-, 13- and 15-year-old school children who report having been a victim of cyber-bullying",M: Male,_T: Total,_T: Total,_T: Total,2018,20.5,2017-18,PCNT: %,,1: One year,OECD Secretariat calculations based on the Health Behaviour in School-aged Children (HBSC) World Health Organization Collaborative Cross-National Survey,0: Units,
ECARO:TRANSMONEE(1.0): ECARO for TransMonEE,BGR: Bulgaria,"PP_CHLD_VICTIM_CB: Percentage of 11-, 13- and 15-year-old school children who report having been a victim of cyber-bullying",F: Female,_T: Total,_T: Total,_T: Total,2018,14.65076637268066,2017-18,PCNT: %,,1: One year,OECD Secretariat calculations based on the Health Behaviour in School-aged Children (HBSC) World Health Organization Collaborative Cross-National Survey,0: Units,
ECARO:TRANSMONEE(1.0): ECARO for TransMonEE,BGR: Bulgaria,"PP_CHLD_VICTIM_CB: Percentage of 11-, 13- and 15-year-old school children who report having been a victim of cyber-bullying",_T: Total,_T: Total,_T: Total,Q1: Lowest,2018,16.97027778625488,2017-18,PCNT: %,,1: One year,OECD Secretariat calculations based on the Health Behaviour in School-aged Children (HBSC) World Health Organization Collaborative Cross-National Survey,0: Units,
ECARO:TRANSMONEE(1.0): ECARO for TransMonEE,BGR: Bulgaria,"PP_CHLD_VICTIM_CB: Percentage of 11-, 13- and 15-year-old school children who report having been a victim of cyber-bullying",_T: Total,_T: Total,_T: Total,Q3: Middle,2018,17.23454856872559,2017-18,PCNT: %,,1: One year,OECD Secretariat calculations based on the Health Behaviour in School-aged Children (HBSC) World Health Organization Collaborative Cross-National Survey,0: Units,
ECARO:TRANSMONEE(1.0): ECARO for TransMonEE,BGR: Bulgaria,"PP_CHLD_VICTIM_CB: Percentage of 11-, 13- and 15-year-old school children who report having been a victim of cyber-bullying",_T: Total,_T: Total,_T: Total,Q5: Highest,2018,17.23684310913086,2017-18,PCNT: %,,1: One year,OECD Secretariat calculations based on the Health Behaviour in School-aged Children (HBSC) World Health Organization Collaborative Cross-National Survey,0: Units,
ECARO:TRANSMONEE(1.0): ECARO for TransMonEE,CHE: Switzerland,"PP_CHLD_VICTIM_CB: Percentage of 11-, 13- and 15-year-old school children who report having been a victim of cyber-bullying",_T: Total,_T: Total,_T: Total,_T: Total,2018,8.617449760437012,2017-18,PCNT: %,,1: One year,OECD Secretariat calculations based on the Health Behaviour in School-aged Children (HBSC) World Health Organization Collaborative Cross-National Survey,0: Units,
ECARO:TRANSMONEE(1.0): ECARO for TransMonEE,CHE: Switzerland,"PP_CHLD_VICTIM_CB: Percentage of 11-, 13- and 15-year-old school children who report having been a victim of cyber-bullying",M: Male,_T: Total,_T: Total,_T: Total,2018,6.03955078125,2017-18,PCNT: %,,1: One year,OECD Secretariat calculations based on the Health Behaviour in School-aged Children (HBSC) World Health Organization Collaborative Cross-National Survey,0: Units,
ECARO:TRANSMONEE(1.0): ECARO for TransMonEE,CHE: Switzerland,"PP_CHLD_VICTIM_CB: Percentage of 11-, 13- and 15-year-old school children who report having been a victim of cyber-bullying",F: Female,_T: Total,_T: Total,_T: Total,2018,11.21898555755615,2017-18,PCNT: %,,1: One year,OECD Secretariat calculations based on the Health Behaviour in School-aged Children (HBSC) World Health Organization Collaborative Cross-National Survey,0: Units,
ECARO:TRANSMONEE(1.0): ECARO for TransMonEE,CHE: Switzerland,"PP_CHLD_VICTIM_CB: Percentage of 11-, 13- and 15-year-old school children who report having been a victim of cyber-bullying",_T: Total,_T: Total,_T: Total,Q1: Lowest,2018,9.015910148620605,2017-18,PCNT: %,,1: One year,OECD Secretariat calculations based on the Health Behaviour in School-aged Children (HBSC) World Health Organization Collaborative Cross-National Survey,0: Units,
ECARO:TRANSMONEE(1.0): ECARO for TransMonEE,CHE: Switzerland,"PP_CHLD_VICTIM_CB: Percentage of 11-, 13- and 15-year-old school children who report having been a victim of cyber-bullying",_T: Total,_T: Total,_T: Total,Q3: Middle,2018,8.406134605407715,2017-18,PCNT: %,,1: One year,OECD Secretariat calculations based on the Health Behaviour in School-aged Children (HBSC) World Health Organization Collaborative Cross-National Survey,0: Units,
ECARO:TRANSMONEE(1.0): ECARO for TransMonEE,CHE: Switzerland,"PP_CHLD_VICTIM_CB: Percentage of 11-, 13- and 15-year-old school children who report having been a victim of cyber-bullying",_T: Total,_T: Total,_T: Total,Q5: Highest,2018,9.948979377746582,2017-18,PCNT: %,,1: One year,OECD Secretariat calculations based on the Health Behaviour in School-aged Children (HBSC) World Health Organization Collaborative Cross-National Survey,0: Units,
ECARO:TRANSMONEE(1.0): ECARO for TransMonEE,CZE: Czechia,"PP_CHLD_VICTIM_CB: Percentage of 11-, 13- and 15-year-old school children who report having been a victim of cyber-bullying",_T: Total,_T: Total,_T: Total,_T: Total,2018,10.43663215637207,2017-18,PCNT: %,,1: One year,OECD Secretariat calculations based on the Health Behaviour in School-aged Children (HBSC) World Health Organization Collaborative Cross-National Survey,0: Units,
ECARO:TRANSMONEE(1.0): ECARO for TransMonEE,CZE: Czechia,"PP_CHLD_VICTIM_CB: Percentage of 11-, 13- and 15-year-old school children who report having been a victim of cyber-bullying",M: Male,_T: Total,_T: Total,_T: Total,2018,9.550654411315918,2017-18,PCNT: %,,1: One year,OECD Secretariat calculations based on the Health Behaviour in School-aged Children (HBSC) World Health Organization Collaborative Cross-National Survey,0: Units,
ECARO:TRANSMONEE(1.0): ECARO for TransMonEE,CZE: Czechia,"PP_CHLD_VICTIM_CB: Percentage of 11-, 13- and 15-year-old school children who report having been a victim of cyber-bullying",F: Female,_T: Total,_T: Total,_T: Total,2018,11.32295322418213,2017-18,PCNT: %,,1: One year,OECD Secretariat calculations based on the Health Behaviour in School-aged Children (HBSC) World Health Organization Collaborative Cross-National Survey,0: Units,
ECARO:TRANSMONEE(1.0): ECARO for TransMonEE,CZE: Czechia,"PP_CHLD_VICTIM_CB: Percentage of 11-, 13- and 15-year-old school children who report having been a victim of cyber-bullying",_T: Total,_T: Total,_T: Total,Q1: Lowest,2018,10.50457096099854,2017-18,PCNT: %,,1: One year,OECD Secretariat calculations based on the Health Behaviour in School-aged Children (HBSC) World Health Organization Collaborative Cross-National Survey,0: Units,
ECARO:TRANSMONEE(1.0): ECARO for TransMonEE,CZE: Czechia,"PP_CHLD_VICTIM_CB: Percentage of 11-, 13- and 15-year-old school children who report having been a victim of cyber-bullying",_T: Total,_T: Total,_T: Total,Q3: Middle,2018,10.39137172698975,2017-18,PCNT: %,,1: One year,OECD Secretariat calculations based on the Health Behaviour in School-aged Children (HBSC) World Health Organization Collaborative Cross-National Survey,0: Units,
ECARO:TRANSMONEE(1.0): ECARO for TransMonEE,CZE: Czechia,"PP_CHLD_VICTIM_CB: Percentage of 11-, 13- and 15-year-old school children who report having been a victim of cyber-bullying",_T: Total,_T: Total,_T: Total,Q5: Highest,2018,9.764952659606934,2017-18,PCNT: %,,1: One year,OECD Secretariat calculations based on the Health Behaviour in School-aged Children (HBSC) World Health Organization Collaborative Cross-National Survey,0: Units,
ECARO:TRANSMONEE(1.0): ECARO for TransMonEE,DEU: Germany,"PP_CHLD_VICTIM_CB: Percentage of 11-, 13- and 15-year-old school children who report having been a victim of cyber-bullying",_T: Total,_T: Total,_T: Total,_T: Total,2018,10.11719703674316,2017-18,PCNT: %,,1: One year,OECD Secretariat calculations based on the Health Behaviour in School-aged Children (HBSC) World Health Organization Collaborative Cross-National Survey,0: Units,
ECARO:TRANSMONEE(1.0): ECARO for TransMonEE,DEU: Germany,"PP_CHLD_VICTIM_CB: Percentage of 11-, 13- and 15-year-old school children who report having been a victim of cyber-bullying",M: Male,_T: Total,_T: Total,_T: Total,2018,7.069143772125244,2017-18,PCNT: %,,1: One year,OECD Secretariat calculations based on the Health Behaviour in School-aged Children (HBSC) World Health Organization Collaborative Cross-National Survey,0: Units,
ECARO:TRANSMONEE(1.0): ECARO for TransMonEE,DEU: Germany,"PP_CHLD_VICTIM_CB: Percentage of 11-, 13- and 15-year-old school children who report having been a victim of cyber-bullying",F: Female,_T: Total,_T: Total,_T: Total,2018,12.75078010559082,2017-18,PCNT: %,,1: One year,OECD Secretariat calculations based on the Health Behaviour in School-aged Children (HBSC) World Health Organization Collaborative Cross-National Survey,0: Units,
ECARO:TRANSMONEE(1.0): ECARO for TransMonEE,DEU: Germany,"PP_CHLD_VICTIM_CB: Percentage of 11-, 13- and 15-year-old school children who report having been a victim of cyber-bullying",_T: Total,_T: Total,_T: Total,Q1: Lowest,2018,10.68580532073975,2017-18,PCNT: %,,1: One year,OECD Secretariat calculations based on the Health Behaviour in School-aged Children (HBSC) World Health Organization Collaborative Cross-National Survey,0: Units,
ECARO:TRANSMONEE(1.0): ECARO for TransMonEE,DEU: Germany,"PP_CHLD_VICTIM_CB: Percentage of 11-, 13- and 15-year-old school children who report having been a victim of cyber-bullying",_T: Total,_T: Total,_T: Total,Q3: Middle,2018,10.03568267822266,2017-18,PCNT: %,,1: One year,OECD Secretariat calculations based on the Health Behaviour in School-aged Children (HBSC) World Health Organization Collaborative Cross-National Survey,0: Units,
ECARO:TRANSMONEE(1.0): ECARO for TransMonEE,DEU: Germany,"PP_CHLD_VICTIM_CB: Percentage of 11-, 13- and 15-year-old school children who report having been a victim of cyber-bullying",_T: Total,_T: Total,_T: Total,Q5: Highest,2018,9.55518913269043,2017-18,PCNT: %,,1: One year,OECD Secretariat calculations based on the Health Behaviour in School-aged Children (HBSC) World Health Organization Collaborative Cross-National Survey,0: Units,
ECARO:TRANSMONEE(1.0): ECARO for TransMonEE,DNK: Denmark,"PP_CHLD_VICTIM_CB: Percentage of 11-, 13- and 15-year-old school children who report having been a victim of cyber-bullying",_T: Total,_T: Total,_T: Total,_T: Total,2018,9.279017448425293,2017-18,PCNT: %,,1: One year,OECD Secretariat calculations based on the Health Behaviour in School-aged Children (HBSC) World Health Organization Collaborative Cross-National Survey,0: Units,
ECARO:TRANSMONEE(1.0): ECARO for TransMonEE,DNK: Denmark,"PP_CHLD_VICTIM_CB: Percentage of 11-, 13- and 15-year-old school children who report having been a victim of cyber-bullying",M: Male,_T: Total,_T: Total,_T: Total,2018,8.467741966247559,2017-18,PCNT: %,,1: One year,OECD Secretariat calculations based on the Health Behaviour in School-aged Children (HBSC) World Health Organization Collaborative Cross-National Survey,0: Units,
ECARO:TRANSMONEE(1.0): ECARO for TransMonEE,DNK: Denmark,"PP_CHLD_VICTIM_CB: Percentage of 11-, 13- and 15-year-old school children who report having been a victim of cyber-bullying",F: Female,_T: Total,_T: Total,_T: Total,2018,10.03115272521973,2017-18,PCNT: %,,1: One year,OECD Secretariat calculations based on the Health Behaviour in School-aged Children (HBSC) World Health Organization Collaborative Cross-National Survey,0: Units,
ECARO:TRANSMONEE(1.0): ECARO for TransMonEE,DNK: Denmark,"PP_CHLD_VICTIM_CB: Percentage of 11-, 13- and 15-year-old school children who report having been a victim of cyber-bullying",_T: Total,_T: Total,_T: Total,Q1: Lowest,2018,10.56910610198975,2017-18,PCNT: %,,1: One year,OECD Secretariat calculations based on the Health Behaviour in School-aged Children (HBSC) World Health Organization Collaborative Cross-National Survey,0: Units,
ECARO:TRANSMONEE(1.0): ECARO for TransMonEE,DNK: Denmark,"PP_CHLD_VICTIM_CB: Percentage of 11-, 13- and 15-year-old school children who report having been a victim of cyber-bullying",_T: Total,_T: Total,_T: Total,Q3: Middle,2018,8.690330505371094,2017-18,PCNT: %,,1: One year,OECD Secretariat calculations based on the Health Behaviour in School-aged Children (HBSC) World Health Organization Collaborative Cross-National Survey,0: Units,
ECARO:TRANSMONEE(1.0): ECARO for TransMonEE,DNK: Denmark,"PP_CHLD_VICTIM_CB: Percentage of 11-, 13- and 15-year-old school children who report having been a victim of cyber-bullying",_T: Total,_T: Total,_T: Total,Q5: Highest,2018,9.777777671813965,2017-18,PCNT: %,,1: One year,OECD Secretariat calculations based on the Health Behaviour in School-aged Children (HBSC) World Health Organization Collaborative Cross-National Survey,0: Units,
ECARO:TRANSMONEE(1.0): ECARO for TransMonEE,ESP: Spain,"PP_CHLD_VICTIM_CB: Percentage of 11-, 13- and 15-year-old school children who report having been a victim of cyber-bullying",_T: Total,_T: Total,_T: Total,_T: Total,2018,5.010487079620361,2017-18,PCNT: %,,1: One year,OECD Secretariat calculations based on the Health Behaviour in School-aged Children (HBSC) World Health Organization Collaborative Cross-National Survey,0: Units,
ECARO:TRANSMONEE(1.0): ECARO for TransMonEE,ESP: Spain,"PP_CHLD_VICTIM_CB: Percentage of 11-, 13- and 15-year-old school children who report having been a victim of cyber-bullying",M: Male,_T: Total,_T: Total,_T: Total,2018,3.957529067993164,2017-18,PCNT: %,,1: One year,OECD Secretariat calculations based on the Health Behaviour in School-aged Children (HBSC) World Health Organization Collaborative Cross-National Survey,0: Units,
ECARO:TRANSMONEE(1.0): ECARO for TransMonEE,ESP: Spain,"PP_CHLD_VICTIM_CB: Percentage of 11-, 13- and 15-year-old school children who report having been a victim of cyber-bullying",F: Female,_T: Total,_T: Total,_T: Total,2018,5.993690490722656,2017-18,PCNT: %,,1: One year,OECD Secretariat calculations based on the Health Behaviour in School-aged Children (HBSC) World Health Organization Collaborative Cross-National Survey,0: Units,
ECARO:TRANSMONEE(1.0): ECARO for TransMonEE,ESP: Spain,"PP_CHLD_VICTIM_CB: Percentage of 11-, 13- and 15-year-old school children who report having been a victim of cyber-bullying",_T: Total,_T: Total,_T: Total,Q1: Lowest,2018,4.906542301177979,2017-18,PCNT: %,,1: One year,OECD Secretariat calculations based on the Health Behaviour in School-aged Children (HBSC) World Health Organization Collaborative Cross-National Survey,0: Units,
ECARO:TRANSMONEE(1.0): ECARO for TransMonEE,ESP: Spain,"PP_CHLD_VICTIM_CB: Percentage of 11-, 13- and 15-year-old school children who report having been a victim of cyber-bullying",_T: Total,_T: Total,_T: Total,Q3: Middle,2018,4.623451232910156,2017-18,PCNT: %,,1: One year,OECD Secretariat calculations based on the Health Behaviour in School-aged Children (HBSC) World Health Organization Collaborative Cross-National Survey,0: Units,
ECARO:TRANSMONEE(1.0): ECARO for TransMonEE,ESP: Spain,"PP_CHLD_VICTIM_CB: Percentage of 11-, 13- and 15-year-old school children who report having been a victim of cyber-bullying",_T: Total,_T: Total,_T: Total,Q5: Highest,2018,5.938242435455322,2017-18,PCNT: %,,1: One year,OECD Secretariat calculations based on the Health Behaviour in School-aged Children (HBSC) World Health Organization Collaborative Cross-National Survey,0: Units,
ECARO:TRANSMONEE(1.0): ECARO for TransMonEE,EST: Estonia,"PP_CHLD_VICTIM_CB: Percentage of 11-, 13- and 15-year-old school children who report having been a victim of cyber-bullying",_T: Total,_T: Total,_T: Total,_T: Total,2018,15.80404663085938,2017-18,PCNT: %,,1: One year,OECD Secretariat calculations based on the Health Behaviour in School-aged Children (HBSC) World Health Organization Collaborative Cross-National Survey,0: Units,
ECARO:TRANSMONEE(1.0): ECARO for TransMonEE,EST: Estonia,"PP_CHLD_VICTIM_CB: Percentage of 11-, 13- and 15-year-old school children who report having been a victim of cyber-bullying",M: Male,_T: Total,_T: Total,_T: Total,2018,13.8474645614624,2017-18,PCNT: %,,1: One year,OECD Secretariat calculations based on the Health Behaviour in School-aged Children (HBSC) World Health Organization Collaborative Cross-National Survey,0: Units,
ECARO:TRANSMONEE(1.0): ECARO for TransMonEE,EST: Estonia,"PP_CHLD_VICTIM_CB: Percentage of 11-, 13- and 15-year-old school children who report having been a victim of cyber-bullying",F: Female,_T: Total,_T: Total,_T: Total,2018,17.75979614257813,2017-18,PCNT: %,,1: One year,OECD Secretariat calculations based on the Health Behaviour in School-aged Children (HBSC) World Health Organization Collaborative Cross-National Survey,0: Units,
ECARO:TRANSMONEE(1.0): ECARO for TransMonEE,EST: Estonia,"PP_CHLD_VICTIM_CB: Percentage of 11-, 13- and 15-year-old school children who report having been a victim of cyber-bullying",_T: Total,_T: Total,_T: Total,Q1: Lowest,2018,16.91871452331543,2017-18,PCNT: %,,1: One year,OECD Secretariat calculations based on the Health Behaviour in School-aged Children (HBSC) World Health Organization Collaborative Cross-National Survey,0: Units,
ECARO:TRANSMONEE(1.0): ECARO for TransMonEE,EST: Estonia,"PP_CHLD_VICTIM_CB: Percentage of 11-, 13- and 15-year-old school children who report having been a victim of cyber-bullying",_T: Total,_T: Total,_T: Total,Q3: Middle,2018,15.2928409576416,2017-18,PCNT: %,,1: One year,OECD Secretariat calculations based on the Health Behaviour in School-aged Children (HBSC) World Health Organization Collaborative Cross-National Survey,0: Units,
ECARO:TRANSMONEE(1.0): ECARO for TransMonEE,EST: Estonia,"PP_CHLD_VICTIM_CB: Percentage of 11-, 13- and 15-year-old school children who report having been a victim of cyber-bullying",_T: Total,_T: Total,_T: Total,Q5: Highest,2018,16.14173126220703,2017-18,PCNT: %,,1: One year,OECD Secretariat calculations based on the Health Behaviour in School-aged Children (HBSC) World Health Organization Collaborative Cross-National Survey,0: Units,
ECARO:TRANSMONEE(1.0): ECARO for TransMonEE,FIN: Finland,"PP_CHLD_VICTIM_CB: Percentage of 11-, 13- and 15-year-old school children who report having been a victim of cyber-bullying",_T: Total,_T: Total,_T: Total,_T: Total,2018,14.71087741851807,2017-18,PCNT: %,,1: One year,OECD Secretariat calculations based on the Health Behaviour in School-aged Children (HBSC) World Health Organization Collaborative Cross-National Survey,0: Units,
ECARO:TRANSMONEE(1.0): ECARO for TransMonEE,FIN: Finland,"PP_CHLD_VICTIM_CB: Percentage of 11-, 13- and 15-year-old school children who report having been a victim of cyber-bullying",M: Male,_T: Total,_T: Total,_T: Total,2018,13.41406440734863,2017-18,PCNT: %,,1: One year,OECD Secretariat calculations based on the Health Behaviour in School-aged Children (HBSC) World Health Organization Collaborative Cross-National Survey,0: Units,
ECARO:TRANSMONEE(1.0): ECARO for TransMonEE,FIN: Finland,"PP_CHLD_VICTIM_CB: Percentage of 11-, 13- and 15-year-old school children who report having been a victim of cyber-bullying",F: Female,_T: Total,_T: Total,_T: Total,2018,15.95364952087402,2017-18,PCNT: %,,1: One year,OECD Secretariat calculations based on the Health Behaviour in School-aged Children (HBSC) World Health Organization Collaborative Cross-National Survey,0: Units,
ECARO:TRANSMONEE(1.0): ECARO for TransMonEE,FIN: Finland,"PP_CHLD_VICTIM_CB: Percentage of 11-, 13- and 15-year-old school children who report having been a victim of cyber-bullying",_T: Total,_T: Total,_T: Total,Q1: Lowest,2018,15.9221830368042,2017-18,PCNT: %,,1: One year,OECD Secretariat calculations based on the Health Behaviour in School-aged Children (HBSC) World Health Organization Collaborative Cross-National Survey,0: Units,
ECARO:TRANSMONEE(1.0): ECARO for TransMonEE,FIN: Finland,"PP_CHLD_VICTIM_CB: Percentage of 11-, 13- and 15-year-old school children who report having been a victim of cyber-bullying",_T: Total,_T: Total,_T: Total,Q3: Middle,2018,13.65958404541016,2017-18,PCNT: %,,1: One year,OECD Secretariat calculations based on the Health Behaviour in School-aged Children (HBSC) World Health Organization Collaborative Cross-National Survey,0: Units,
ECARO:TRANSMONEE(1.0): ECARO for TransMonEE,FIN: Finland,"PP_CHLD_VICTIM_CB: Percentage of 11-, 13- and 15-year-old school children who report having been a victim of cyber-bullying",_T: Total,_T: Total,_T: Total,Q5: Highest,2018,17.36092376708984,2017-18,PCNT: %,,1: One year,OECD Secretariat calculations based on the Health Behaviour in School-aged Children (HBSC) World Health Organization Collaborative Cross-National Survey,0: Units,
ECARO:TRANSMONEE(1.0): ECARO for TransMonEE,FRA: France,"PP_CHLD_VICTIM_CB: Percentage of 11-, 13- and 15-year-old school children who report having been a victim of cyber-bullying",_T: Total,_T: Total,_T: Total,_T: Total,2018,7.281483173370361,2017-18,PCNT: %,,1: One year,OECD Secretariat calculations based on the Health Behaviour in School-aged Children (HBSC) World Health Organization Collaborative Cross-National Survey,0: Units,
ECARO:TRANSMONEE(1.0): ECARO for TransMonEE,FRA: France,"PP_CHLD_VICTIM_CB: Percentage of 11-, 13- and 15-year-old school children who report having been a victim of cyber-bullying",M: Male,_T: Total,_T: Total,_T: Total,2018,5.797075748443604,2017-18,PCNT: %,,1: One year,OECD Secretariat calculations based on the Health Behaviour in School-aged Children (HBSC) World Health Organization Collaborative Cross-National Survey,0: Units,
ECARO:TRANSMONEE(1.0): ECARO for TransMonEE,FRA: France,"PP_CHLD_VICTIM_CB: Percentage of 11-, 13- and 15-year-old school children who report having been a victim of cyber-bullying",F: Female,_T: Total,_T: Total,_T: Total,2018,8.704652786254883,2017-18,PCNT: %,,1: One year,OECD Secretariat calculations based on the Health Behaviour in School-aged Children (HBSC) World Health Organization Collaborative Cross-National Survey,0: Units,
ECARO:TRANSMONEE(1.0): ECARO for TransMonEE,FRA: France,"PP_CHLD_VICTIM_CB: Percentage of 11-, 13- and 15-year-old school children who report having been a victim of cyber-bullying",_T: Total,_T: Total,_T: Total,Q1: Lowest,2018,7.410912990570068,2017-18,PCNT: %,,1: One year,OECD Secretariat calculations based on the Health Behaviour in School-aged Children (HBSC) World Health Organization Collaborative Cross-National Survey,0: Units,
ECARO:TRANSMONEE(1.0): ECARO for TransMonEE,FRA: France,"PP_CHLD_VICTIM_CB: Percentage of 11-, 13- and 15-year-old school children who report having been a victim of cyber-bullying",_T: Total,_T: Total,_T: Total,Q3: Middle,2018,7.398929595947266,2017-18,PCNT: %,,1: One year,OECD Secretariat calculations based on the Health Behaviour in School-aged Children (HBSC) World Health Organization Collaborative Cross-National Survey,0: Units,
ECARO:TRANSMONEE(1.0): ECARO for TransMonEE,FRA: France,"PP_CHLD_VICTIM_CB: Percentage of 11-, 13- and 15-year-old school children who report having been a victim of cyber-bullying",_T: Total,_T: Total,_T: Total,Q5: Highest,2018,6.914115905761719,2017-18,PCNT: %,,1: One year,OECD Secretariat calculations based on the Health Behaviour in School-aged Children (HBSC) World Health Organization Collaborative Cross-National Survey,0: Units,
ECARO:TRANSMONEE(1.0): ECARO for TransMonEE,GRC: Greece,"PP_CHLD_VICTIM_CB: Percentage of 11-, 13- and 15-year-old school children who report having been a victim of cyber-bullying",_T: Total,_T: Total,_T: Total,_T: Total,2018,5.209690093994141,2017-18,PCNT: %,,1: One year,OECD Secretariat calculations based on the Health Behaviour in School-aged Children (HBSC) World Health Organization Collaborative Cross-National Survey,0: Units,
ECARO:TRANSMONEE(1.0): ECARO for TransMonEE,GRC: Greece,"PP_CHLD_VICTIM_CB: Percentage of 11-, 13- and 15-year-old school children who report having been a victim of cyber-bullying",M: Male,_T: Total,_T: Total,_T: Total,2018,4.811715126037598,2017-18,PCNT: %,,1: One year,OECD Secretariat calculations based on the Health Behaviour in School-aged Children (HBSC) World Health Organization Collaborative Cross-National Survey,0: Units,
ECARO:TRANSMONEE(1.0): ECARO for TransMonEE,GRC: Greece,"PP_CHLD_VICTIM_CB: Percentage of 11-, 13- and 15-year-old school children who report having been a victim of cyber-bullying",F: Female,_T: Total,_T: Total,_T: Total,2018,5.60456657409668,2017-18,PCNT: %,,1: One year,OECD Secretariat calculations based on the Health Behaviour in School-aged Children (HBSC) World Health Organization Collaborative Cross-National Survey,0: Units,
ECARO:TRANSMONEE(1.0): ECARO for TransMonEE,GRC: Greece,"PP_CHLD_VICTIM_CB: Percentage of 11-, 13- and 15-year-old school children who report having been a victim of cyber-bullying",_T: Total,_T: Total,_T: Total,Q1: Lowest,2018,4.195804119110107,2017-18,PCNT: %,,1: One year,OECD Secretariat calculations based on the Health Behaviour in School-aged Children (HBSC) World Health Organization Collaborative Cross-National Survey,0: Units,
ECARO:TRANSMONEE(1.0): ECARO for TransMonEE,GRC: Greece,"PP_CHLD_VICTIM_CB: Percentage of 11-, 13- and 15-year-old school children who report having been a victim of cyber-bullying",_T: Total,_T: Total,_T: Total,Q3: Middle,2018,5.583295822143555,2017-18,PCNT: %,,1: One year,OECD Secretariat calculations based on the Health Behaviour in School-aged Children (HBSC) World Health Organization Collaborative Cross-National Survey,0: Units,
ECARO:TRANSMONEE(1.0): ECARO for TransMonEE,GRC: Greece,"PP_CHLD_VICTIM_CB: Percentage of 11-, 13- and 15-year-old school children who report having been a victim of cyber-bullying",_T: Total,_T: Total,_T: Total,Q5: Highest,2018,5.896226406097412,2017-18,PCNT: %,,1: One year,OECD Secretariat calculations based on the Health Behaviour in School-aged Children (HBSC) World Health Organization Collaborative Cross-National Survey,0: Units,
ECARO:TRANSMONEE(1.0): ECARO for TransMonEE,HRV: Croatia,"PP_CHLD_VICTIM_CB: Percentage of 11-, 13- and 15-year-old school children who report having been a victim of cyber-bullying",_T: Total,_T: Total,_T: Total,_T: Total,2018,14.02133750915527,2017-18,PCNT: %,,1: One year,OECD Secretariat calculations based on the Health Behaviour in School-aged Children (HBSC) World Health Organization Collaborative Cross-National Survey,0: Units,
ECARO:TRANSMONEE(1.0): ECARO for TransMonEE,HRV: Croatia,"PP_CHLD_VICTIM_CB: Percentage of 11-, 13- and 15-year-old school children who report having been a victim of cyber-bullying",M: Male,_T: Total,_T: Total,_T: Total,2018,14.2918643951416,2017-18,PCNT: %,,1: One year,OECD Secretariat calculations based on the Health Behaviour in School-aged Children (HBSC) World Health Organization Collaborative Cross-National Survey,0: Units,
ECARO:TRANSMONEE(1.0): ECARO for TransMonEE,HRV: Croatia,"PP_CHLD_VICTIM_CB: Percentage of 11-, 13- and 15-year-old school children who report having been a victim of cyber-bullying",F: Female,_T: Total,_T: Total,_T: Total,2018,13.74449253082275,2017-18,PCNT: %,,1: One year,OECD Secretariat calculations based on the Health Behaviour in School-aged Children (HBSC) World Health Organization Collaborative Cross-National Survey,0: Units,
ECARO:TRANSMONEE(1.0): ECARO for TransMonEE,HRV: Croatia,"PP_CHLD_VICTIM_CB: Percentage of 11-, 13- and 15-year-old school children who report having been a victim of cyber-bullying",_T: Total,_T: Total,_T: Total,Q1: Lowest,2018,13.93897342681885,2017-18,PCNT: %,,1: One year,OECD Secretariat calculations based on the Health Behaviour in School-aged Children (HBSC) World Health Organization Collaborative Cross-National Survey,0: Units,
ECARO:TRANSMONEE(1.0): ECARO for TransMonEE,HRV: Croatia,"PP_CHLD_VICTIM_CB: Percentage of 11-, 13- and 15-year-old school children who report having been a victim of cyber-bullying",_T: Total,_T: Total,_T: Total,Q3: Middle,2018,13.91162014007568,2017-18,PCNT: %,,1: One year,OECD Secretariat calculations based on the Health Behaviour in School-aged Children (HBSC) World Health Organization Collaborative Cross-National Survey,0: Units,
ECARO:TRANSMONEE(1.0): ECARO for TransMonEE,HRV: Croatia,"PP_CHLD_VICTIM_CB: Percentage of 11-, 13- and 15-year-old school children who report having been a victim of cyber-bullying",_T: Total,_T: Total,_T: Total,Q5: Highest,2018,12.54901885986328,2017-18,PCNT: %,,1: One year,OECD Secretariat calculations based on the Health Behaviour in School-aged Children (HBSC) World Health Organization Collaborative Cross-National Survey,0: Units,
ECARO:TRANSMONEE(1.0): ECARO for TransMonEE,HUN: Hungary,"PP_CHLD_VICTIM_CB: Percentage of 11-, 13- and 15-year-old school children who report having been a victim of cyber-bullying",_T: Total,_T: Total,_T: Total,_T: Total,2018,18.13304710388184,2017-18,PCNT: %,,1: One year,OECD Secretariat calculations based on the Health Behaviour in School-aged Children (HBSC) World Health Organization Collaborative Cross-National Survey,0: Units,
ECARO:TRANSMONEE(1.0): ECARO for TransMonEE,HUN: Hungary,"PP_CHLD_VICTIM_CB: Percentage of 11-, 13- and 15-year-old school children who report having been a victim of cyber-bullying",M: Male,_T: Total,_T: Total,_T: Total,2018,16.39999961853027,2017-18,PCNT: %,,1: One year,OECD Secretariat calculations based on the Health Behaviour in School-aged Children (HBSC) World Health Organization Collaborative Cross-National Survey,0: Units,
ECARO:TRANSMONEE(1.0): ECARO for TransMonEE,HUN: Hungary,"PP_CHLD_VICTIM_CB: Percentage of 11-, 13- and 15-year-old school children who report having been a victim of cyber-bullying",F: Female,_T: Total,_T: Total,_T: Total,2018,19.66632843017578,2017-18,PCNT: %,,1: One year,OECD Secretariat calculations based on the Health Behaviour in School-aged Children (HBSC) World Health Organization Collaborative Cross-National Survey,0: Units,
ECARO:TRANSMONEE(1.0): ECARO for TransMonEE,HUN: Hungary,"PP_CHLD_VICTIM_CB: Percentage of 11-, 13- and 15-year-old school children who report having been a victim of cyber-bullying",_T: Total,_T: Total,_T: Total,Q1: Lowest,2018,18.83899307250977,2017-18,PCNT: %,,1: One year,OECD Secretariat calculations based on the Health Behaviour in School-aged Children (HBSC) World Health Organization Collaborative Cross-National Survey,0: Units,
ECARO:TRANSMONEE(1.0): ECARO for TransMonEE,HUN: Hungary,"PP_CHLD_VICTIM_CB: Percentage of 11-, 13- and 15-year-old school children who report having been a victim of cyber-bullying",_T: Total,_T: Total,_T: Total,Q3: Middle,2018,17.90674591064453,2017-18,PCNT: %,,1: One year,OECD Secretariat calculations based on the Health Behaviour in School-aged Children (HBSC) World Health Organization Collaborative Cross-National Survey,0: Units,
ECARO:TRANSMONEE(1.0): ECARO for TransMonEE,HUN: Hungary,"PP_CHLD_VICTIM_CB: Percentage of 11-, 13- and 15-year-old school children who report having been a victim of cyber-bullying",_T: Total,_T: Total,_T: Total,Q5: Highest,2018,17.51026153564453,2017-18,PCNT: %,,1: One year,OECD Secretariat calculations based on the Health Behaviour in School-aged Children (HBSC) World Health Organization Collaborative Cross-National Survey,0: Units,
ECARO:TRANSMONEE(1.0): ECARO for TransMonEE,IRL: Ireland,"PP_CHLD_VICTIM_CB: Percentage of 11-, 13- and 15-year-old school children who report having been a victim of cyber-bullying",_T: Total,_T: Total,_T: Total,_T: Total,2018,15.80404090881348,2017-18,PCNT: %,,1: One year,OECD Secretariat calculations based on the Health Behaviour in School-aged Children (HBSC) World Health Organization Collaborative Cross-National Survey,0: Units,
ECARO:TRANSMONEE(1.0): ECARO for TransMonEE,IRL: Ireland,"PP_CHLD_VICTIM_CB: Percentage of 11-, 13- and 15-year-old school children who report having been a victim of cyber-bullying",M: Male,_T: Total,_T: Total,_T: Total,2018,12.39714813232422,2017-18,PCNT: %,,1: One year,OECD Secretariat calculations based on the Health Behaviour in School-aged Children (HBSC) World Health Organization Collaborative Cross-National Survey,0: Units,
ECARO:TRANSMONEE(1.0): ECARO for TransMonEE,IRL: Ireland,"PP_CHLD_VICTIM_CB: Percentage of 11-, 13- and 15-year-old school children who report having been a victim of cyber-bullying",F: Female,_T: Total,_T: Total,_T: Total,2018,19.27374267578125,2017-18,PCNT: %,,1: One year,OECD Secretariat calculations based on the Health Behaviour in School-aged Children (HBSC) World Health Organization Collaborative Cross-National Survey,0: Units,
ECARO:TRANSMONEE(1.0): ECARO for TransMonEE,IRL: Ireland,"PP_CHLD_VICTIM_CB: Percentage of 11-, 13- and 15-year-old school children who report having been a victim of cyber-bullying",_T: Total,_T: Total,_T: Total,Q1: Lowest,2018,20.37572288513184,2017-18,PCNT: %,,1: One year,OECD Secretariat calculations based on the Health Behaviour in School-aged Children (HBSC) World Health Organization Collaborative Cross-National Survey,0: Units,
ECARO:TRANSMONEE(1.0): ECARO for TransMonEE,IRL: Ireland,"PP_CHLD_VICTIM_CB: Percentage of 11-, 13- and 15-year-old school children who report having been a victim of cyber-bullying",_T: Total,_T: Total,_T: Total,Q3: Middle,2018,14.629714012146,2017-18,PCNT: %,,1: One year,OECD Secretariat calculations based on the Health Behaviour in School-aged Children (HBSC) World Health Organization Collaborative Cross-National Survey,0: Units,
ECARO:TRANSMONEE(1.0): ECARO for TransMonEE,IRL: Ireland,"PP_CHLD_VICTIM_CB: Percentage of 11-, 13- and 15-year-old school children who report having been a victim of cyber-bullying",_T: Total,_T: Total,_T: Total,Q5: Highest,2018,14.10526371002197,2017-18,PCNT: %,,1: One year,OECD Secretariat calculations based on the Health Behaviour in School-aged Children (HBSC) World Health Organization Collaborative Cross-National Survey,0: Units,
ECARO:TRANSMONEE(1.0): ECARO for TransMonEE,ISL: Iceland,"PP_CHLD_VICTIM_CB: Percentage of 11-, 13- and 15-year-old school children who report having been a victim of cyber-bullying",_T: Total,_T: Total,_T: Total,_T: Total,2018,9.336861610412598,2017-18,PCNT: %,,1: One year,OECD Secretariat calculations based on the Health Behaviour in School-aged Children (HBSC) World Health Organization Collaborative Cross-National Survey,0: Units,
ECARO:TRANSMONEE(1.0): ECARO for TransMonEE,ISL: Iceland,"PP_CHLD_VICTIM_CB: Percentage of 11-, 13- and 15-year-old school children who report having been a victim of cyber-bullying",M: Male,_T: Total,_T: Total,_T: Total,2018,8.419193267822266,2017-18,PCNT: %,,1: One year,OECD Secretariat calculations based on the Health Behaviour in School-aged Children (HBSC) World Health Organization Collaborative Cross-National Survey,0: Units,
ECARO:TRANSMONEE(1.0): ECARO for TransMonEE,ISL: Iceland,"PP_CHLD_VICTIM_CB: Percentage of 11-, 13- and 15-year-old school children who report having been a victim of cyber-bullying",F: Female,_T: Total,_T: Total,_T: Total,2018,10.25264453887939,2017-18,PCNT: %,,1: One year,OECD Secretariat calculations based on the Health Behaviour in School-aged Children (HBSC) World Health Organization Collaborative Cross-National Survey,0: Units,
ECARO:TRANSMONEE(1.0): ECARO for TransMonEE,ISL: Iceland,"PP_CHLD_VICTIM_CB: Percentage of 11-, 13- and 15-year-old school children who report having been a victim of cyber-bullying",_T: Total,_T: Total,_T: Total,Q1: Lowest,2018,9.807280540466309,2017-18,PCNT: %,,1: One year,OECD Secretariat calculations based on the Health Behaviour in School-aged Children (HBSC) World Health Organization Collaborative Cross-National Survey,0: Units,
ECARO:TRANSMONEE(1.0): ECARO for TransMonEE,ISL: Iceland,"PP_CHLD_VICTIM_CB: Percentage of 11-, 13- and 15-year-old school children who report having been a victim of cyber-bullying",_T: Total,_T: Total,_T: Total,Q3: Middle,2018,8.629721641540527,2017-18,PCNT: %,,1: One year,OECD Secretariat calculations based on the Health Behaviour in School-aged Children (HBSC) World Health Organization Collaborative Cross-National Survey,0: Units,
ECARO:TRANSMONEE(1.0): ECARO for TransMonEE,ISL: Iceland,"PP_CHLD_VICTIM_CB: Percentage of 11-, 13- and 15-year-old school children who report having been a victim of cyber-bullying",_T: Total,_T: Total,_T: Total,Q5: Highest,2018,8.498583793640137,2017-18,PCNT: %,,1: One year,OECD Secretariat calculations based on the Health Behaviour in School-aged Children (HBSC) World Health Organization Collaborative Cross-National Survey,0: Units,
ECARO:TRANSMONEE(1.0): ECARO for TransMonEE,ITA: Italy,"PP_CHLD_VICTIM_CB: Percentage of 11-, 13- and 15-year-old school children who report having been a victim of cyber-bullying",_T: Total,_T: Total,_T: Total,_T: Total,2018,7.972609043121338,2017-18,PCNT: %,,1: One year,OECD Secretariat calculations based on the Health Behaviour in School-aged Children (HBSC) World Health Organization Collaborative Cross-National Survey,0: Units,
ECARO:TRANSMONEE(1.0): ECARO for TransMonEE,ITA: Italy,"PP_CHLD_VICTIM_CB: Percentage of 11-, 13- and 15-year-old school children who report having been a victim of cyber-bullying",M: Male,_T: Total,_T: Total,_T: Total,2018,6.979113578796387,2017-18,PCNT: %,,1: One year,OECD Secretariat calculations based on the Health Behaviour in School-aged Children (HBSC) World Health Organization Collaborative Cross-National Survey,0: Units,
ECARO:TRANSMONEE(1.0): ECARO for TransMonEE,ITA: Italy,"PP_CHLD_VICTIM_CB: Percentage of 11-, 13- and 15-year-old school children who report having been a victim of cyber-bullying",F: Female,_T: Total,_T: Total,_T: Total,2018,8.889934539794922,2017-18,PCNT: %,,1: One year,OECD Secretariat calculations based on the Health Behaviour in School-aged Children (HBSC) World Health Organization Collaborative Cross-National Survey,0: Units,
ECARO:TRANSMONEE(1.0): ECARO for TransMonEE,ITA: Italy,"PP_CHLD_VICTIM_CB: Percentage of 11-, 13- and 15-year-old school children who report having been a victim of cyber-bullying",_T: Total,_T: Total,_T: Total,Q1: Lowest,2018,8.807828903198242,2017-18,PCNT: %,,1: One year,OECD Secretariat calculations based on the Health Behaviour in School-aged Children (HBSC) World Health Organization Collaborative Cross-National Survey,0: Units,
ECARO:TRANSMONEE(1.0): ECARO for TransMonEE,ITA: Italy,"PP_CHLD_VICTIM_CB: Percentage of 11-, 13- and 15-year-old school children who report having been a victim of cyber-bullying",_T: Total,_T: Total,_T: Total,Q3: Middle,2018,7.280334949493408,2017-18,PCNT: %,,1: One year,OECD Secretariat calculations based on the Health Behaviour in School-aged Children (HBSC) World Health Organization Collaborative Cross-National Survey,0: Units,
ECARO:TRANSMONEE(1.0): ECARO for TransMonEE,ITA: Italy,"PP_CHLD_VICTIM_CB: Percentage of 11-, 13- and 15-year-old school children who report having been a victim of cyber-bullying",_T: Total,_T: Total,_T: Total,Q5: Highest,2018,9.91735553741455,2017-18,PCNT: %,,1: One year,OECD Secretariat calculations based on the Health Behaviour in School-aged Children (HBSC) World Health Organization Collaborative Cross-National Survey,0: Units,
ECARO:TRANSMONEE(1.0): ECARO for TransMonEE,LTU: Lithuania,"PP_CHLD_VICTIM_CB: Percentage of 11-, 13- and 15-year-old school children who report having been a victim of cyber-bullying",_T: Total,_T: Total,_T: Total,_T: Total,2018,21.35948371887207,2017-18,PCNT: %,,1: One year,OECD Secretariat calculations based on the Health Behaviour in School-aged Children (HBSC) World Health Organization Collaborative Cross-National Survey,0: Units,
ECARO:TRANSMONEE(1.0): ECARO for TransMonEE,LTU: Lithuania,"PP_CHLD_VICTIM_CB: Percentage of 11-, 13- and 15-year-old school children who report having been a victim of cyber-bullying",M: Male,_T: Total,_T: Total,_T: Total,2018,24.38238334655762,2017-18,PCNT: %,,1: One year,OECD Secretariat calculations based on the Health Behaviour in School-aged Children (HBSC) World Health Organization Collaborative Cross-National Survey,0: Units,
ECARO:TRANSMONEE(1.0): ECARO for TransMonEE,LTU: Lithuania,"PP_CHLD_VICTIM_CB: Percentage of 11-, 13- and 15-year-old school children who report having been a victim of cyber-bullying",F: Female,_T: Total,_T: Total,_T: Total,2018,18.33333396911621,2017-18,PCNT: %,,1: One year,OECD Secretariat calculations based on the Health Behaviour in School-aged Children (HBSC) World Health Organization Collaborative Cross-National Survey,0: Units,
ECARO:TRANSMONEE(1.0): ECARO for TransMonEE,LTU: Lithuania,"PP_CHLD_VICTIM_CB: Percentage of 11-, 13- and 15-year-old school children who report having been a victim of cyber-bullying",_T: Total,_T: Total,_T: Total,Q1: Lowest,2018,20.1513729095459,2017-18,PCNT: %,,1: One year,OECD Secretariat calculations based on the Health Behaviour in School-aged Children (HBSC) World Health Organization Collaborative Cross-National Survey,0: Units,
ECARO:TRANSMONEE(1.0): ECARO for TransMonEE,LTU: Lithuania,"PP_CHLD_VICTIM_CB: Percentage of 11-, 13- and 15-year-old school children who report having been a victim of cyber-bullying",_T: Total,_T: Total,_T: Total,Q3: Middle,2018,21.21661758422852,2017-18,PCNT: %,,1: One year,OECD Secretariat calculations based on the Health Behaviour in School-aged Children (HBSC) World Health Organization Collaborative Cross-National Survey,0: Units,
ECARO:TRANSMONEE(1.0): ECARO for TransMonEE,LTU: Lithuania,"PP_CHLD_VICTIM_CB: Percentage of 11-, 13- and 15-year-old school children who report having been a victim of cyber-bullying",_T: Total,_T: Total,_T: Total,Q5: Highest,2018,23.29450798034668,2017-18,PCNT: %,,1: One year,OECD Secretariat calculations based on the Health Behaviour in School-aged Children (HBSC) World Health Organization Collaborative Cross-National Survey,0: Units,
ECARO:TRANSMONEE(1.0): ECARO for TransMonEE,LUX: Luxembourg,"PP_CHLD_VICTIM_CB: Percentage of 11-, 13- and 15-year-old school children who report having been a victim of cyber-bullying",_T: Total,_T: Total,_T: Total,_T: Total,2018,11.68048191070557,2017-18,PCNT: %,,1: One year,OECD Secretariat calculations based on the Health Behaviour in School-aged Children (HBSC) World Health Organization Collaborative Cross-National Survey,0: Units,
ECARO:TRANSMONEE(1.0): ECARO for TransMonEE,LUX: Luxembourg,"PP_CHLD_VICTIM_CB: Percentage of 11-, 13- and 15-year-old school children who report having been a victim of cyber-bullying",M: Male,_T: Total,_T: Total,_T: Total,2018,9.255533218383789,2017-18,PCNT: %,,1: One year,OECD Secretariat calculations based on the Health Behaviour in School-aged Children (HBSC) World Health Organization Collaborative Cross-National Survey,0: Units,
ECARO:TRANSMONEE(1.0): ECARO for TransMonEE,LUX: Luxembourg,"PP_CHLD_VICTIM_CB: Percentage of 11-, 13- and 15-year-old school children who report having been a victim of cyber-bullying",F: Female,_T: Total,_T: Total,_T: Total,2018,14.0993480682373,2017-18,PCNT: %,,1: One year,OECD Secretariat calculations based on the Health Behaviour in School-aged Children (HBSC) World Health Organization Collaborative Cross-National Survey,0: Units,
ECARO:TRANSMONEE(1.0): ECARO for TransMonEE,LUX: Luxembourg,"PP_CHLD_VICTIM_CB: Percentage of 11-, 13- and 15-year-old school children who report having been a victim of cyber-bullying",_T: Total,_T: Total,_T: Total,Q1: Lowest,2018,13.89830589294434,2017-18,PCNT: %,,1: One year,OECD Secretariat calculations based on the Health Behaviour in School-aged Children (HBSC) World Health Organization Collaborative Cross-National Survey,0: Units,
ECARO:TRANSMONEE(1.0): ECARO for TransMonEE,LUX: Luxembourg,"PP_CHLD_VICTIM_CB: Percentage of 11-, 13- and 15-year-old school children who report having been a victim of cyber-bullying",_T: Total,_T: Total,_T: Total,Q3: Middle,2018,11.01992988586426,2017-18,PCNT: %,,1: One year,OECD Secretariat calculations based on the Health Behaviour in School-aged Children (HBSC) World Health Organization Collaborative Cross-National Survey,0: Units,
ECARO:TRANSMONEE(1.0): ECARO for TransMonEE,LUX: Luxembourg,"PP_CHLD_VICTIM_CB: Percentage of 11-, 13- and 15-year-old school children who report having been a victim of cyber-bullying",_T: Total,_T: Total,_T: Total,Q5: Highest,2018,10.66350746154785,2017-18,PCNT: %,,1: One year,OECD Secretariat calculations based on the Health Behaviour in School-aged Children (HBSC) World Health Organization Collaborative Cross-National Survey,0: Units,
ECARO:TRANSMONEE(1.0): ECARO for TransMonEE,LVA: Latvia,"PP_CHLD_VICTIM_CB: Percentage of 11-, 13- and 15-year-old school children who report having been a victim of cyber-bullying",_T: Total,_T: Total,_T: Total,_T: Total,2018,20.86462020874023,2017-18,PCNT: %,,1: One year,OECD Secretariat calculations based on the Health Behaviour in School-aged Children (HBSC) World Health Organization Collaborative Cross-National Survey,0: Units,
ECARO:TRANSMONEE(1.0): ECARO for TransMonEE,LVA: Latvia,"PP_CHLD_VICTIM_CB: Percentage of 11-, 13- and 15-year-old school children who report having been a victim of cyber-bullying",M: Male,_T: Total,_T: Total,_T: Total,2018,20.28518867492676,2017-18,PCNT: %,,1: One year,OECD Secretariat calculations based on the Health Behaviour in School-aged Children (HBSC) World Health Organization Collaborative Cross-National Survey,0: Units,
ECARO:TRANSMONEE(1.0): ECARO for TransMonEE,LVA: Latvia,"PP_CHLD_VICTIM_CB: Percentage of 11-, 13- and 15-year-old school children who report having been a victim of cyber-bullying",F: Female,_T: Total,_T: Total,_T: Total,2018,21.43178749084473,2017-18,PCNT: %,,1: One year,OECD Secretariat calculations based on the Health Behaviour in School-aged Children (HBSC) World Health Organization Collaborative Cross-National Survey,0: Units,
ECARO:TRANSMONEE(1.0): ECARO for TransMonEE,LVA: Latvia,"PP_CHLD_VICTIM_CB: Percentage of 11-, 13- and 15-year-old school children who report having been a victim of cyber-bullying",_T: Total,_T: Total,_T: Total,Q1: Lowest,2018,21.83600616455078,2017-18,PCNT: %,,1: One year,OECD Secretariat calculations based on the Health Behaviour in School-aged Children (HBSC) World Health Organization Collaborative Cross-National Survey,0: Units,
ECARO:TRANSMONEE(1.0): ECARO for TransMonEE,LVA: Latvia,"PP_CHLD_VICTIM_CB: Percentage of 11-, 13- and 15-year-old school children who report having been a victim of cyber-bullying",_T: Total,_T: Total,_T: Total,Q3: Middle,2018,20.55719566345215,2017-18,PCNT: %,,1: One year,OECD Secretariat calculations based on the Health Behaviour in School-aged Children (HBSC) World Health Organization Collaborative Cross-National Survey,0: Units,
ECARO:TRANSMONEE(1.0): ECARO for TransMonEE,LVA: Latvia,"PP_CHLD_VICTIM_CB: Percentage of 11-, 13- and 15-year-old school children who report having been a victim of cyber-bullying",_T: Total,_T: Total,_T: Total,Q5: Highest,2018,20.41820526123047,2017-18,PCNT: %,,1: One year,OECD Secretariat calculations based on the Health Behaviour in School-aged Children (HBSC) World Health Organization Collaborative Cross-National Survey,0: Units,
ECARO:TRANSMONEE(1.0): ECARO for TransMonEE,NLD: Netherlands (Kingdom of the),"PP_CHLD_VICTIM_CB: Percentage of 11-, 13- and 15-year-old school children who report having been a victim of cyber-bullying",_T: Total,_T: Total,_T: Total,_T: Total,2018,5.996740818023682,2017-18,PCNT: %,,1: One year,OECD Secretariat calculations based on the Health Behaviour in School-aged Children (HBSC) World Health Organization Collaborative Cross-National Survey,0: Units,
ECARO:TRANSMONEE(1.0): ECARO for TransMonEE,NLD: Netherlands (Kingdom of the),"PP_CHLD_VICTIM_CB: Percentage of 11-, 13- and 15-year-old school children who report having been a victim of cyber-bullying",M: Male,_T: Total,_T: Total,_T: Total,2018,5.2667555809021,2017-18,PCNT: %,,1: One year,OECD Secretariat calculations based on the Health Behaviour in School-aged Children (HBSC) World Health Organization Collaborative Cross-National Survey,0: Units,
ECARO:TRANSMONEE(1.0): ECARO for TransMonEE,NLD: Netherlands (Kingdom of the),"PP_CHLD_VICTIM_CB: Percentage of 11-, 13- and 15-year-old school children who report having been a victim of cyber-bullying",F: Female,_T: Total,_T: Total,_T: Total,2018,6.761010646820068,2017-18,PCNT: %,,1: One year,OECD Secretariat calculations based on the Health Behaviour in School-aged Children (HBSC) World Health Organization Collaborative Cross-National Survey,0: Units,
ECARO:TRANSMONEE(1.0): ECARO for TransMonEE,NLD: Netherlands (Kingdom of the),"PP_CHLD_VICTIM_CB: Percentage of 11-, 13- and 15-year-old school children who report having been a victim of cyber-bullying",_T: Total,_T: Total,_T: Total,Q1: Lowest,2018,7.194083213806152,2017-18,PCNT: %,,1: One year,OECD Secretariat calculations based on the Health Behaviour in School-aged Children (HBSC) World Health Organization Collaborative Cross-National Survey,0: Units,
ECARO:TRANSMONEE(1.0): ECARO for TransMonEE,NLD: Netherlands (Kingdom of the),"PP_CHLD_VICTIM_CB: Percentage of 11-, 13- and 15-year-old school children who report having been a victim of cyber-bullying",_T: Total,_T: Total,_T: Total,Q3: Middle,2018,5.554388999938965,2017-18,PCNT: %,,1: One year,OECD Secretariat calculations based on the Health Behaviour in School-aged Children (HBSC) World Health Organization Collaborative Cross-National Survey,0: Units,
ECARO:TRANSMONEE(1.0): ECARO for TransMonEE,NLD: Netherlands (Kingdom of the),"PP_CHLD_VICTIM_CB: Percentage of 11-, 13- and 15-year-old school children who report having been a victim of cyber-bullying",_T: Total,_T: Total,_T: Total,Q5: Highest,2018,7.05122709274292,2017-18,PCNT: %,,1: One year,OECD Secretariat calculations based on the Health Behaviour in School-aged Children (HBSC) World Health Organization Collaborative Cross-National Survey,0: Units,
ECARO:TRANSMONEE(1.0): ECARO for TransMonEE,NOR: Norway,"PP_CHLD_VICTIM_CB: Percentage of 11-, 13- and 15-year-old school children who report having been a victim of cyber-bullying",_T: Total,_T: Total,_T: Total,_T: Total,2018,7.460595607757568,2017-18,PCNT: %,,1: One year,OECD Secretariat calculations based on the Health Behaviour in School-aged Children (HBSC) World Health Organization Collaborative Cross-National Survey,0: Units,
ECARO:TRANSMONEE(1.0): ECARO for TransMonEE,NOR: Norway,"PP_CHLD_VICTIM_CB: Percentage of 11-, 13- and 15-year-old school children who report having been a victim of cyber-bullying",M: Male,_T: Total,_T: Total,_T: Total,2018,6.773488998413086,2017-18,PCNT: %,,1: One year,OECD Secretariat calculations based on the Health Behaviour in School-aged Children (HBSC) World Health Organization Collaborative Cross-National Survey,0: Units,
ECARO:TRANSMONEE(1.0): ECARO for TransMonEE,NOR: Norway,"PP_CHLD_VICTIM_CB: Percentage of 11-, 13- and 15-year-old school children who report having been a victim of cyber-bullying",F: Female,_T: Total,_T: Total,_T: Total,2018,8.097166061401367,2017-18,PCNT: %,,1: One year,OECD Secretariat calculations based on the Health Behaviour in School-aged Children (HBSC) World Health Organization Collaborative Cross-National Survey,0: Units,
ECARO:TRANSMONEE(1.0): ECARO for TransMonEE,NOR: Norway,"PP_CHLD_VICTIM_CB: Percentage of 11-, 13- and 15-year-old school children who report having been a victim of cyber-bullying",_T: Total,_T: Total,_T: Total,Q1: Lowest,2018,7.627118587493896,2017-18,PCNT: %,,1: One year,OECD Secretariat calculations based on the Health Behaviour in School-aged Children (HBSC) World Health Organization Collaborative Cross-National Survey,0: Units,
ECARO:TRANSMONEE(1.0): ECARO for TransMonEE,NOR: Norway,"PP_CHLD_VICTIM_CB: Percentage of 11-, 13- and 15-year-old school children who report having been a victim of cyber-bullying",_T: Total,_T: Total,_T: Total,Q3: Middle,2018,7.190635681152344,2017-18,PCNT: %,,1: One year,OECD Secretariat calculations based on the Health Behaviour in School-aged Children (HBSC) World Health Organization Collaborative Cross-National Survey,0: Units,
ECARO:TRANSMONEE(1.0): ECARO for TransMonEE,NOR: Norway,"PP_CHLD_VICTIM_CB: Percentage of 11-, 13- and 15-year-old school children who report having been a victim of cyber-bullying",_T: Total,_T: Total,_T: Total,Q5: Highest,2018,7.708333492279053,2017-18,PCNT: %,,1: One year,OECD Secretariat calculations based on the Health Behaviour in School-aged Children (HBSC) World Health Organization Collaborative Cross-National Survey,0: Units,
ECARO:TRANSMONEE(1.0): ECARO for TransMonEE,POL: Poland,"PP_CHLD_VICTIM_CB: Percentage of 11-, 13- and 15-year-old school children who report having been a victim of cyber-bullying",_T: Total,_T: Total,_T: Total,_T: Total,2018,18.71996879577637,2017-18,PCNT: %,,1: One year,OECD Secretariat calculations based on the Health Behaviour in School-aged Children (HBSC) World Health Organization Collaborative Cross-National Survey,0: Units,
ECARO:TRANSMONEE(1.0): ECARO for TransMonEE,POL: Poland,"PP_CHLD_VICTIM_CB: Percentage of 11-, 13- and 15-year-old school children who report having been a victim of cyber-bullying",M: Male,_T: Total,_T: Total,_T: Total,2018,18.38091468811035,2017-18,PCNT: %,,1: One year,OECD Secretariat calculations based on the Health Behaviour in School-aged Children (HBSC) World Health Organization Collaborative Cross-National Survey,0: Units,
ECARO:TRANSMONEE(1.0): ECARO for TransMonEE,POL: Poland,"PP_CHLD_VICTIM_CB: Percentage of 11-, 13- and 15-year-old school children who report having been a victim of cyber-bullying",F: Female,_T: Total,_T: Total,_T: Total,2018,19.0476188659668,2017-18,PCNT: %,,1: One year,OECD Secretariat calculations based on the Health Behaviour in School-aged Children (HBSC) World Health Organization Collaborative Cross-National Survey,0: Units,
ECARO:TRANSMONEE(1.0): ECARO for TransMonEE,POL: Poland,"PP_CHLD_VICTIM_CB: Percentage of 11-, 13- and 15-year-old school children who report having been a victim of cyber-bullying",_T: Total,_T: Total,_T: Total,Q1: Lowest,2018,17.53926658630371,2017-18,PCNT: %,,1: One year,OECD Secretariat calculations based on the Health Behaviour in School-aged Children (HBSC) World Health Organization Collaborative Cross-National Survey,0: Units,
ECARO:TRANSMONEE(1.0): ECARO for TransMonEE,POL: Poland,"PP_CHLD_VICTIM_CB: Percentage of 11-, 13- and 15-year-old school children who report having been a victim of cyber-bullying",_T: Total,_T: Total,_T: Total,Q3: Middle,2018,19.06239318847656,2017-18,PCNT: %,,1: One year,OECD Secretariat calculations based on the Health Behaviour in School-aged Children (HBSC) World Health Organization Collaborative Cross-National Survey,0: Units,
ECARO:TRANSMONEE(1.0): ECARO for TransMonEE,POL: Poland,"PP_CHLD_VICTIM_CB: Percentage of 11-, 13- and 15-year-old school children who report having been a victim of cyber-bullying",_T: Total,_T: Total,_T: Total,Q5: Highest,2018,20.46875,2017-18,PCNT: %,,1: One year,OECD Secretariat calculations based on the Health Behaviour in School-aged Children (HBSC) World Health Organization Collaborative Cross-National Survey,0: Units,
ECARO:TRANSMONEE(1.0): ECARO for TransMonEE,PRT: Portugal,"PP_CHLD_VICTIM_CB: Percentage of 11-, 13- and 15-year-old school children who report having been a victim of cyber-bullying",_T: Total,_T: Total,_T: Total,_T: Total,2018,7.979184150695801,2017-18,PCNT: %,,1: One year,OECD Secretariat calculations based on the Health Behaviour in School-aged Children (HBSC) World Health Organization Collaborative Cross-National Survey,0: Units,
ECARO:TRANSMONEE(1.0): ECARO for TransMonEE,PRT: Portugal,"PP_CHLD_VICTIM_CB: Percentage of 11-, 13- and 15-year-old school children who report having been a victim of cyber-bullying",M: Male,_T: Total,_T: Total,_T: Total,2018,7.443717956542969,2017-18,PCNT: %,,1: One year,OECD Secretariat calculations based on the Health Behaviour in School-aged Children (HBSC) World Health Organization Collaborative Cross-National Survey,0: Units,
ECARO:TRANSMONEE(1.0): ECARO for TransMonEE,PRT: Portugal,"PP_CHLD_VICTIM_CB: Percentage of 11-, 13- and 15-year-old school children who report having been a victim of cyber-bullying",F: Female,_T: Total,_T: Total,_T: Total,2018,8.468947410583496,2017-18,PCNT: %,,1: One year,OECD Secretariat calculations based on the Health Behaviour in School-aged Children (HBSC) World Health Organization Collaborative Cross-National Survey,0: Units,
ECARO:TRANSMONEE(1.0): ECARO for TransMonEE,PRT: Portugal,"PP_CHLD_VICTIM_CB: Percentage of 11-, 13- and 15-year-old school children who report having been a victim of cyber-bullying",_T: Total,_T: Total,_T: Total,Q1: Lowest,2018,8.284883499145508,2017-18,PCNT: %,,1: One year,OECD Secretariat calculations based on the Health Behaviour in School-aged Children (HBSC) World Health Organization Collaborative Cross-National Survey,0: Units,
ECARO:TRANSMONEE(1.0): ECARO for TransMonEE,PRT: Portugal,"PP_CHLD_VICTIM_CB: Percentage of 11-, 13- and 15-year-old school children who report having been a victim of cyber-bullying",_T: Total,_T: Total,_T: Total,Q3: Middle,2018,7.69015645980835,2017-18,PCNT: %,,1: One year,OECD Secretariat calculations based on the Health Behaviour in School-aged Children (HBSC) World Health Organization Collaborative Cross-National Survey,0: Units,
ECARO:TRANSMONEE(1.0): ECARO for TransMonEE,PRT: Portugal,"PP_CHLD_VICTIM_CB: Percentage of 11-, 13- and 15-year-old school children who report having been a victim of cyber-bullying",_T: Total,_T: Total,_T: Total,Q5: Highest,2018,8.733086585998535,2017-18,PCNT: %,,1: One year,OECD Secretariat calculations based on the Health Behaviour in School-aged Children (HBSC) World Health Organization Collaborative Cross-National Survey,0: Units,
ECARO:TRANSMONEE(1.0): ECARO for TransMonEE,ROU: Romania,"PP_CHLD_VICTIM_CB: Percentage of 11-, 13- and 15-year-old school children who report having been a victim of cyber-bullying",_T: Total,_T: Total,_T: Total,_T: Total,2018,18.08699607849121,2017-18,PCNT: %,,1: One year,OECD Secretariat calculations based on the Health Behaviour in School-aged Children (HBSC) World Health Organization Collaborative Cross-National Survey,0: Units,
ECARO:TRANSMONEE(1.0): ECARO for TransMonEE,ROU: Romania,"PP_CHLD_VICTIM_CB: Percentage of 11-, 13- and 15-year-old school children who report having been a victim of cyber-bullying",M: Male,_T: Total,_T: Total,_T: Total,2018,18.16522216796875,2017-18,PCNT: %,,1: One year,OECD Secretariat calculations based on the Health Behaviour in School-aged Children (HBSC) World Health Organization Collaborative Cross-National Survey,0: Units,
ECARO:TRANSMONEE(1.0): ECARO for TransMonEE,ROU: Romania,"PP_CHLD_VICTIM_CB: Percentage of 11-, 13- and 15-year-old school children who report having been a victim of cyber-bullying",F: Female,_T: Total,_T: Total,_T: Total,2018,18.01295852661133,2017-18,PCNT: %,,1: One year,OECD Secretariat calculations based on the Health Behaviour in School-aged Children (HBSC) World Health Organization Collaborative Cross-National Survey,0: Units,
ECARO:TRANSMONEE(1.0): ECARO for TransMonEE,ROU: Romania,"PP_CHLD_VICTIM_CB: Percentage of 11-, 13- and 15-year-old school children who report having been a victim of cyber-bullying",_T: Total,_T: Total,_T: Total,Q1: Lowest,2018,17.95744705200195,2017-18,PCNT: %,,1: One year,OECD Secretariat calculations based on the Health Behaviour in School-aged Children (HBSC) World Health Organization Collaborative Cross-National Survey,0: Units,
ECARO:TRANSMONEE(1.0): ECARO for TransMonEE,ROU: Romania,"PP_CHLD_VICTIM_CB: Percentage of 11-, 13- and 15-year-old school children who report having been a victim of cyber-bullying",_T: Total,_T: Total,_T: Total,Q3: Middle,2018,17.66960525512695,2017-18,PCNT: %,,1: One year,OECD Secretariat calculations based on the Health Behaviour in School-aged Children (HBSC) World Health Organization Collaborative Cross-National Survey,0: Units,
ECARO:TRANSMONEE(1.0): ECARO for TransMonEE,ROU: Romania,"PP_CHLD_VICTIM_CB: Percentage of 11-, 13- and 15-year-old school children who report having been a victim of cyber-bullying",_T: Total,_T: Total,_T: Total,Q5: Highest,2018,18.79699325561523,2017-18,PCNT: %,,1: One year,OECD Secretariat calculations based on the Health Behaviour in School-aged Children (HBSC) World Health Organization Collaborative Cross-National Survey,0: Units,
ECARO:TRANSMONEE(1.0): ECARO for TransMonEE,SVK: Slovakia,"PP_CHLD_VICTIM_CB: Percentage of 11-, 13- and 15-year-old school children who report having been a victim of cyber-bullying",_T: Total,_T: Total,_T: Total,_T: Total,2018,11.14808654785156,2017-18,PCNT: %,,1: One year,OECD Secretariat calculations based on the Health Behaviour in School-aged Children (HBSC) World Health Organization Collaborative Cross-National Survey,0: Units,
ECARO:TRANSMONEE(1.0): ECARO for TransMonEE,SVK: Slovakia,"PP_CHLD_VICTIM_CB: Percentage of 11-, 13- and 15-year-old school children who report having been a victim of cyber-bullying",M: Male,_T: Total,_T: Total,_T: Total,2018,10.23584938049316,2017-18,PCNT: %,,1: One year,OECD Secretariat calculations based on the Health Behaviour in School-aged Children (HBSC) World Health Organization Collaborative Cross-National Survey,0: Units,
ECARO:TRANSMONEE(1.0): ECARO for TransMonEE,SVK: Slovakia,"PP_CHLD_VICTIM_CB: Percentage of 11-, 13- and 15-year-old school children who report having been a victim of cyber-bullying",F: Female,_T: Total,_T: Total,_T: Total,2018,12.07474803924561,2017-18,PCNT: %,,1: One year,OECD Secretariat calculations based on the Health Behaviour in School-aged Children (HBSC) World Health Organization Collaborative Cross-National Survey,0: Units,
ECARO:TRANSMONEE(1.0): ECARO for TransMonEE,SVK: Slovakia,"PP_CHLD_VICTIM_CB: Percentage of 11-, 13- and 15-year-old school children who report having been a victim of cyber-bullying",_T: Total,_T: Total,_T: Total,Q1: Lowest,2018,13.8576774597168,2017-18,PCNT: %,,1: One year,OECD Secretariat calculations based on the Health Behaviour in School-aged Children (HBSC) World Health Organization Collaborative Cross-National Survey,0: Units,U: Low reliability
ECARO:TRANSMONEE(1.0): ECARO for TransMonEE,SVK: Slovakia,"PP_CHLD_VICTIM_CB: Percentage of 11-, 13- and 15-year-old school children who report having been a victim of cyber-bullying",_T: Total,_T: Total,_T: Total,Q3: Middle,2018,9.43396282196045,2017-18,PCNT: %,,1: One year,OECD Secretariat calculations based on the Health Behaviour in School-aged Children (HBSC) World Health Organization Collaborative Cross-National Survey,0: Units,U: Low reliability
ECARO:TRANSMONEE(1.0): ECARO for TransMonEE,SVK: Slovakia,"PP_CHLD_VICTIM_CB: Percentage of 11-, 13- and 15-year-old school children who report having been a victim of cyber-bullying",_T: Total,_T: Total,_T: Total,Q5: Highest,2018,10.6776180267334,2017-18,PCNT: %,,1: One year,OECD Secretariat calculations based on the Health Behaviour in School-aged Children (HBSC) World Health Organization Collaborative Cross-National Survey,0: Units,U: Low reliability
ECARO:TRANSMONEE(1.0): ECARO for TransMonEE,SVN: Slovenia,"PP_CHLD_VICTIM_CB: Percentage of 11-, 13- and 15-year-old school children who report having been a victim of cyber-bullying",_T: Total,_T: Total,_T: Total,_T: Total,2018,13.26290512084961,2017-18,PCNT: %,,1: One year,OECD Secretariat calculations based on the Health Behaviour in School-aged Children (HBSC) World Health Organization Collaborative Cross-National Survey,0: Units,
ECARO:TRANSMONEE(1.0): ECARO for TransMonEE,SVN: Slovenia,"PP_CHLD_VICTIM_CB: Percentage of 11-, 13- and 15-year-old school children who report having been a victim of cyber-bullying",M: Male,_T: Total,_T: Total,_T: Total,2018,14.65386772155762,2017-18,PCNT: %,,1: One year,OECD Secretariat calculations based on the Health Behaviour in School-aged Children (HBSC) World Health Organization Collaborative Cross-National Survey,0: Units,
ECARO:TRANSMONEE(1.0): ECARO for TransMonEE,SVN: Slovenia,"PP_CHLD_VICTIM_CB: Percentage of 11-, 13- and 15-year-old school children who report having been a victim of cyber-bullying",F: Female,_T: Total,_T: Total,_T: Total,2018,11.82088470458984,2017-18,PCNT: %,,1: One year,OECD Secretariat calculations based on the Health Behaviour in School-aged Children (HBSC) World Health Organization Collaborative Cross-National Survey,0: Units,
ECARO:TRANSMONEE(1.0): ECARO for TransMonEE,SVN: Slovenia,"PP_CHLD_VICTIM_CB: Percentage of 11-, 13- and 15-year-old school children who report having been a victim of cyber-bullying",_T: Total,_T: Total,_T: Total,Q1: Lowest,2018,13.63744449615479,2017-18,PCNT: %,,1: One year,OECD Secretariat calculations based on the Health Behaviour in School-aged Children (HBSC) World Health Organization Collaborative Cross-National Survey,0: Units,
ECARO:TRANSMONEE(1.0): ECARO for TransMonEE,SVN: Slovenia,"PP_CHLD_VICTIM_CB: Percentage of 11-, 13- and 15-year-old school children who report having been a victim of cyber-bullying",_T: Total,_T: Total,_T: Total,Q3: Middle,2018,12.4812183380127,2017-18,PCNT: %,,1: One year,OECD Secretariat calculations based on the Health Behaviour in School-aged Children (HBSC) World Health Organization Collaborative Cross-National Survey,0: Units,
ECARO:TRANSMONEE(1.0): ECARO for TransMonEE,SVN: Slovenia,"PP_CHLD_VICTIM_CB: Percentage of 11-, 13- and 15-year-old school children who report having been a victim of cyber-bullying",_T: Total,_T: Total,_T: Total,Q5: Highest,2018,14.28176021575928,2017-18,PCNT: %,,1: One year,OECD Secretariat calculations based on the Health Behaviour in School-aged Children (HBSC) World Health Organization Collaborative Cross-National Survey,0: Units,
ECARO:TRANSMONEE(1.0): ECARO for TransMonEE,SWE: Sweden,"PP_CHLD_VICTIM_CB: Percentage of 11-, 13- and 15-year-old school children who report having been a victim of cyber-bullying",_T: Total,_T: Total,_T: Total,_T: Total,2018,15.83541202545166,2017-18,PCNT: %,,1: One year,OECD Secretariat calculations based on the Health Behaviour in School-aged Children (HBSC) World Health Organization Collaborative Cross-National Survey,0: Units,
ECARO:TRANSMONEE(1.0): ECARO for TransMonEE,SWE: Sweden,"PP_CHLD_VICTIM_CB: Percentage of 11-, 13- and 15-year-old school children who report having been a victim of cyber-bullying",M: Male,_T: Total,_T: Total,_T: Total,2018,12.23971557617188,2017-18,PCNT: %,,1: One year,OECD Secretariat calculations based on the Health Behaviour in School-aged Children (HBSC) World Health Organization Collaborative Cross-National Survey,0: Units,
ECARO:TRANSMONEE(1.0): ECARO for TransMonEE,SWE: Sweden,"PP_CHLD_VICTIM_CB: Percentage of 11-, 13- and 15-year-old school children who report having been a victim of cyber-bullying",F: Female,_T: Total,_T: Total,_T: Total,2018,19.30426216125488,2017-18,PCNT: %,,1: One year,OECD Secretariat calculations based on the Health Behaviour in School-aged Children (HBSC) World Health Organization Collaborative Cross-National Survey,0: Units,
ECARO:TRANSMONEE(1.0): ECARO for TransMonEE,SWE: Sweden,"PP_CHLD_VICTIM_CB: Percentage of 11-, 13- and 15-year-old school children who report having been a victim of cyber-bullying",_T: Total,_T: Total,_T: Total,Q1: Lowest,2018,16.0177001953125,2017-18,PCNT: %,,1: One year,OECD Secretariat calculations based on the Health Behaviour in School-aged Children (HBSC) World Health Organization Collaborative Cross-National Survey,0: Units,
ECARO:TRANSMONEE(1.0): ECARO for TransMonEE,SWE: Sweden,"PP_CHLD_VICTIM_CB: Percentage of 11-, 13- and 15-year-old school children who report having been a victim of cyber-bullying",_T: Total,_T: Total,_T: Total,Q3: Middle,2018,15.34988689422607,2017-18,PCNT: %,,1: One year,OECD Secretariat calculations based on the Health Behaviour in School-aged Children (HBSC) World Health Organization Collaborative Cross-National Survey,0: Units,
ECARO:TRANSMONEE(1.0): ECARO for TransMonEE,SWE: Sweden,"PP_CHLD_VICTIM_CB: Percentage of 11-, 13- and 15-year-old school children who report having been a victim of cyber-bullying",_T: Total,_T: Total,_T: Total,Q5: Highest,2018,17.14836120605469,2017-18,PCNT: %,,1: One year,OECD Secretariat calculations based on the Health Behaviour in School-aged Children (HBSC) World Health Organization Collaborative Cross-National Survey,0: Units,
ECARO:TRANSMONEE(1.0): ECARO for TransMonEE,TUR: Trkiye,"PP_CHLD_VICTIM_CB: Percentage of 11-, 13- and 15-year-old school children who report having been a victim of cyber-bullying",_T: Total,_T: Total,_T: Total,_T: Total,2018,21.66814422607422,2017-18,PCNT: %,,1: One year,OECD Secretariat calculations based on the Health Behaviour in School-aged Children (HBSC) World Health Organization Collaborative Cross-National Survey,0: Units,
ECARO:TRANSMONEE(1.0): ECARO for TransMonEE,TUR: Trkiye,"PP_CHLD_VICTIM_CB: Percentage of 11-, 13- and 15-year-old school children who report having been a victim of cyber-bullying",M: Male,_T: Total,_T: Total,_T: Total,2018,24.90018081665039,2017-18,PCNT: %,,1: One year,OECD Secretariat calculations based on the Health Behaviour in School-aged Children (HBSC) World Health Organization Collaborative Cross-National Survey,0: Units,
ECARO:TRANSMONEE(1.0): ECARO for TransMonEE,TUR: Trkiye,"PP_CHLD_VICTIM_CB: Percentage of 11-, 13- and 15-year-old school children who report having been a victim of cyber-bullying",F: Female,_T: Total,_T: Total,_T: Total,2018,18.57638931274414,2017-18,PCNT: %,,1: One year,OECD Secretariat calculations based on the Health Behaviour in School-aged Children (HBSC) World Health Organization Collaborative Cross-National Survey,0: Units,
ECARO:TRANSMONEE(1.0): ECARO for TransMonEE,TUR: Trkiye,"PP_CHLD_VICTIM_CB: Percentage of 11-, 13- and 15-year-old school children who report having been a victim of cyber-bullying",_T: Total,_T: Total,_T: Total,Q1: Lowest,2018,22.83669471740723,2017-18,PCNT: %,,1: One year,OECD Secretariat calculations based on the Health Behaviour in School-aged Children (HBSC) World Health Organization Collaborative Cross-National Survey,0: Units,
ECARO:TRANSMONEE(1.0): ECARO for TransMonEE,TUR: Trkiye,"PP_CHLD_VICTIM_CB: Percentage of 11-, 13- and 15-year-old school children who report having been a victim of cyber-bullying",_T: Total,_T: Total,_T: Total,Q3: Middle,2018,20.26066398620605,2017-18,PCNT: %,,1: One year,OECD Secretariat calculations based on the Health Behaviour in School-aged Children (HBSC) World Health Organization Collaborative Cross-National Survey,0: Units,
ECARO:TRANSMONEE(1.0): ECARO for TransMonEE,TUR: Trkiye,"PP_CHLD_VICTIM_CB: Percentage of 11-, 13- and 15-year-old school children who report having been a victim of cyber-bullying",_T: Total,_T: Total,_T: Total,Q5: Highest,2018,26.27118492126465,2017-18,PCNT: %,,1: One year,OECD Secretariat calculations based on the Health Behaviour in School-aged Children (HBSC) World Health Organization Collaborative Cross-National Survey,0: Units,
